{
	"format_version": "1.8.0",
	"animations": {
		"animation.model.idle": {
			"loop": true,
			"animation_length": 1.25,
			"bones": {
				"Tail": {
					"rotation": {
						"0.0": [-4.64, 0, 0],
						"0.125": [-7.5, 0, 0],
						"0.75": {
							"pre": [20, 0, 0],
							"post": [20, 0, 0],
							"lerp_mode": "catmullrom"
						},
						"1.25": {
							"post": [-4.64, 0, 0],
							"lerp_mode": "catmullrom"
						}
					}
				},
				"Right_Wing": {
					"rotation": {
						"0.0": [1.5, 0, 0],
						"0.0833": [-1.5, 0, 0],
						"0.1667": [1.5, 0, 0],
						"0.25": [-1.5, 0, 0],
						"0.3333": [1.5, 0, 0],
						"0.4167": [-1.5, 0, 0],
						"0.5": [1.5, 0, 0],
						"0.5833": [-1.5, 0, 0],
						"0.6667": [1.5, 0, 0],
						"0.75": [-1.5, 0, 0],
						"0.8333": [1.5, 0, 0],
						"0.9167": [-1.5, 0, 0],
						"1.0": [1.5, 0, 0],
						"1.0833": [-1.5, 0, 0],
						"1.1667": [1.5, 0, 0],
						"1.25": [-1.5, 0, 0]
					}
				},
				"Right_End_Wing": {
					"rotation": {
						"0.0": [9.73, 10.92, -0.52],
						"0.0833": {
							"pre": [10, 10, 0],
							"post": [10, 10, 0],
							"lerp_mode": "catmullrom"
						},
						"0.7917": {
							"post": [4.45454, 28.9093, -10.6762],
							"lerp_mode": "catmullrom"
						},
						"1.25": [9.73, 10.92, -0.52]
					},
					"position": {
						"0.0": {
							"post": [3.3, 0, -0.5],
							"lerp_mode": "catmullrom"
						},
						"0.7083": {
							"post": [3.3, 0, 0.7],
							"lerp_mode": "catmullrom"
						},
						"1.25": {
							"post": [3.3, 0, -0.5],
							"lerp_mode": "catmullrom"
						}
					}
				},
				"Left_Wing": {
					"rotation": {
						"0.0": [-1.5, 0, 0],
						"0.0833": [1.5, 0, 0],
						"0.1667": [-1.5, 0, 0],
						"0.25": [1.5, 0, 0],
						"0.3333": [-1.5, 0, 0],
						"0.4167": [1.5, 0, 0],
						"0.5": [-1.5, 0, 0],
						"0.5833": [1.5, 0, 0],
						"0.6667": [-1.5, 0, 0],
						"0.75": [1.5, 0, 0],
						"0.8333": [-1.5, 0, 0],
						"0.9167": [1.5, 0, 0],
						"1.0": [-1.5, 0, 0],
						"1.0833": [1.5, 0, 0],
						"1.1667": [-1.5, 0, 0],
						"1.25": [1.5, 0, 0]
					}
				},
				"Left_End_Wing": {
					"rotation": {
						"0.0": [9.73, -10.92, 0.52],
						"0.0833": {
							"pre": [10, -10, 0],
							"post": [10, -10, 0],
							"lerp_mode": "catmullrom"
						},
						"0.7917": {
							"post": [4.45454, -28.90929, 10.67617],
							"lerp_mode": "catmullrom"
						},
						"1.25": [9.73, -10.92, 0.52]
					},
					"position": {
						"0.0": {
							"post": [-3.3, 0, -0.5],
							"lerp_mode": "catmullrom"
						},
						"0.7083": {
							"post": [-3.3, 0, 0.7],
							"lerp_mode": "catmullrom"
						},
						"1.25": {
							"post": [-3.3, 0, -0.5],
							"lerp_mode": "catmullrom"
						}
					}
				},
				"Body": {
					"rotation": {
						"0.0": {
							"post": [-2.5, 0, 0],
							"lerp_mode": "catmullrom"
						},
						"0.6667": {
							"post": [5, 0, 0],
							"lerp_mode": "catmullrom"
						},
						"1.25": {
							"post": [-2.5, 0, 0],
							"lerp_mode": "catmullrom"
						}
					},
					"position": {
						"0.0": [0, -0.06, 0],
						"0.0833": [0, 0, 0],
						"0.75": {
							"pre": [0, -1.3, 0],
							"post": [0, -1.3, 0],
							"lerp_mode": "catmullrom"
						},
						"1.25": {
							"post": [0, -0.06, 0],
							"lerp_mode": "catmullrom"
						}
					}
				},
				"Head": {
					"rotation": {
						"0.0": {
							"post": [2.5, 0, 0],
							"lerp_mode": "catmullrom"
						},
						"0.5833": {
							"post": [10, 0, 0],
							"lerp_mode": "catmullrom"
						},
						"1.2083": [2.5, 0, 0],
						"1.25": [2.5, 0, 0]
					}
				}
			}
		},
		"animation.model.new": {
			"loop": true,
			"bones": {
				"Body": {
					"rotation": [-35, 0, 0],
					"position": [0, 34, 0]
				},
				"Head": {
					"rotation": [65, 0, 0],
					"position": [0, 0, -2]
				},
				"Tail": {
					"rotation": ["-70  - math.cos(q.anim_time * 250) * 5", 0, 0],
					"position": [0, 0, 0]
				},
				"Tail2": {
					"rotation": ["-30 - math.cos(q.anim_time * 250) * 5", 0, 0],
					"position": [0, -2, 0]
				},
				"Right_Wing": {
					"rotation": [0, 0, "25 + math.cos(q.anim_time * 550) * 25"]
				},
				"Right_End_Wing": {
					"rotation": [0, 0, "-30 + math.cos(q.anim_time * 550) * 25"]
				},
				"Left_Wing": {
					"rotation": [0, 0, "-25 - math.cos(q.anim_time * 550) * 25"]
				},
				"Left_End_Wing": {
					"rotation": [0, 0, "30 - math.cos(q.anim_time * 550) * 25"]
				}
			}
		}
	}
}